{
    "area":       [ 1, 1,           1,           1,           1           ], 
    "delay":      [ 1, 1.25268817,  1.562502831, 1.959590643, 2.464222503 ],
    "energy":     [ 1, 1.36425648,  1.727115717, 2.72479564,  3.367003367 ],  
    "edp":        [ 1, 1.333333333, 2,           3.164556962, 4.166666667 ],  
    "power":      [ 1, 1, 1, 1, 1 ],  
    "throughput": [ 1, 0.925925926, 0.883392226, 0.851788756, 0.788643533 ]
}
